"","promedio_acum","horas_estudio","creditos_aprob","iq_academico","horas_capacit","complej_tarea","salario_mensual","eval_desempeno","Indice_Capacidad_General","Indice_Especializacion","Tipo_Talento","Magnitud_Talento","Rango_Talento"
"1",7.33792241655322,12.4651760090175,46.8629677950929,94.1955836456118,9.77898018992774,6.49234854045957,1281.77875257827,71.9144688778545,-1.02640059903343,0.247185473658272,"Perfil Equilibrado",1.05574563607143,"Destacado"
"2",7.28110224117971,15.5493666565532,51.1551884700301,90.3490685837913,17.0525317365536,7.21162406636767,1494.43795898704,85.8000538368031,-0.136940625093933,1.24471578957145,"Perfil Práctico (Laboral)",1.25222607048791,"Destacado"
"3",8.24761063176049,20.7651821991011,65.1760433312943,95.9235375721954,10.4426962818722,6.45267739712372,1097.35902471229,74.7821300991168,-0.246923926619368,-0.478122110684855,"Perfil Equilibrado",0.538119111594141,"Estándar"
"4",6.5079913253089,18.5970293848152,47.5916759816494,84.553210543165,8.55673119828809,4.95410008359893,1325.38273660248,68.3141874813307,-1.34468935107484,-0.00984574628771989,"Perfil Equilibrado",1.34472539561578,"Destacado"
"5",6.30577669375251,10.7556199734038,33.6410902414939,83.5513860984034,10.8655179108844,5.32094423451659,1575.61137923331,85.1135897371588,-1.35743101353604,1.27478539286094,"Perfil Práctico (Laboral)",1.86217527487643,"Destacado"
"6",9.06405524360443,24.4205080679746,74.8467395249464,103.093697860874,16.3666383945364,7.17671985109171,1802.89241184492,76.5534642400735,1.0385570509612,-0.0211284090531109,"Perfil Equilibrado",1.03877194695003,"Destacado"
"7",6.64125320564004,14.4657604700587,41.3581372106719,85.0769380126163,10.4020316857885,3.52263300014329,1195.28842004698,72.8395985560452,-1.55942038938542,0.20329709298269,"Perfil Equilibrado",1.57261618294045,"Destacado"
"8",7.24773773955011,18.9718128296246,55.4701998068746,87.8831169229435,12.8176758521266,5.89863723120045,1681.89319692781,67.19874094713,-0.578790092811718,0.310732242857732,"Perfil Equilibrado",0.65692655471399,"Estándar"
"9",7.98766384675769,25.2042334364945,73.479030452988,105.128537513932,12.3408889003611,1.81144522320386,1209.81233060813,68.8333044541578,-0.148527741188917,-1.35274533833091,"Perfil Teórico (Académico)",1.36087488046429,"Destacado"
"10",6.83205167666259,13.5561360980051,35.1558257670384,78.3346630024947,8.00271494104656,3.77336244227432,1226.27245374051,61.7226708027833,-2.07348505988931,0.021321797071652,"Perfil Equilibrado",2.07359468378334,"Superior"
"11",6.4655078100304,13.4295604477457,47.5344263905514,78.7337037726517,8.36339809911792,3.21212287390519,1054.91562370051,72.6919372983437,-1.87911716270728,0.0362726867002284,"Perfil Equilibrado",1.87946721678818,"Destacado"
"12",8.29218323230615,19.1117594016631,57.6569477290959,95.8580087337332,14.5017235546103,7.336422977947,1399.07282168613,85.5250389097996,0.201507397917899,0.513639101459434,"Perfil Práctico (Laboral)",0.551752080162546,"Estándar"
"13",8.18251688136832,20.4088275598886,62.1744546223412,100.35135277918,10.081037753082,3.89649029170484,1039.25463952694,75.4164939460998,-0.472888723926451,-0.842980407918591,"Perfil Teórico (Académico)",0.966560765472809,"Estándar"
"14",8.50156974744616,14.4438666305166,67.1547599853004,94.6503653323623,10.9727888946498,5.75895481534005,780.620400987639,74.7241436990789,-0.623269044178958,-0.500789774896618,"Perfil Teórico (Académico)",0.799534051853176,"Estándar"
"15",8.48131087274576,24.6092286061335,70.086804526577,96.3432173068681,11.8800838245098,7.29618918042521,2095.24676687834,88.91713324228,0.835432026043929,0.378203245856958,"Perfil Equilibrado",0.917051997062654,"Estándar"
"16",8.34763483076575,16.6750644044598,64.2060966979709,104.539871606893,11.409091355155,3.76471049621301,736.824456575157,68.8425364582168,-0.658947662954969,-1.07219197412798,"Perfil Teórico (Académico)",1.25849420018459,"Destacado"
"17",7.70998544324856,18.6894041103734,60.45150149023,87.6571214943343,13.2418631241467,8.0795280525966,2120.04239623825,84.0598226395061,0.228075094074981,1.11635803871765,"Perfil Práctico (Laboral)",1.13941806162042,"Destacado"
"18",7.47122520790774,19.0452441439262,42.4231921643234,92.711968020278,12.5428014216563,6.75327305505464,1453.69933046306,84.1146356583358,-0.37081198179728,0.683326266185594,"Perfil Práctico (Laboral)",0.777455022431248,"Estándar"
"19",8.82847445113792,18.4875217965285,68.02439691518,107.629140969213,11.7983330482491,5.58087230940887,1314.60204684928,79.8136960692262,0.214663970896221,-0.499051866907083,"Perfil Equilibrado",0.5432618026922,"Estándar"
"20",6.98559388367278,14.604322903892,51.0704810158857,100.169663849578,13.6881054237653,7.43272700720069,1629.33864667717,83.3557443573475,-0.181830057800511,0.928535177980039,"Perfil Práctico (Laboral)",0.946171097987124,"Estándar"
"21",9.9261354949027,21.6112481481065,84.9836202333372,106.625023142359,18.9379259255879,10.3566156775286,2082.91592269353,99.0880341725947,2.19072898525249,1.00027371219855,"Perfil Práctico (Laboral)",2.40828590207659,"Superior"
"22",8.35317606932577,25.6352531638907,77.8424690963278,107.355591416723,11.1183100193495,7.1296076254229,1603.45020634317,71.8738854648887,0.632543937796414,-0.707735794527347,"Perfil Teórico (Académico)",0.949211139893674,"Estándar"
"23",7.73611515457764,16.8752402347863,55.3449772331983,88.6165633964879,10.4934380454554,5.0799273231812,897.560302306567,81.2487338036622,-0.861642781792205,-0.101750424711671,"Perfil Equilibrado",0.86762977838685,"Estándar"
"24",8.31486697821391,20.6107200142276,73.3799366315765,107.647271186746,10.8345412662538,7.72644308798278,1189.43753714374,68.5759559615367,0.171331414116227,-0.725729049671845,"Perfil Teórico (Académico)",0.745678957059045,"Estándar"
"25",5.62677131885819,12.9289947265314,50.3322377270685,87.9038774333653,13.7674211331823,6.71871959493028,1779.934667969,81.2946144792561,-0.766533086393467,1.41798908915676,"Perfil Práctico (Laboral)",1.6119137785575,"Destacado"
"26",6.69987778069258,19.6036574414628,53.0691110900345,97.0831793281999,9.08918469707671,3.60628144502882,985.353768685697,65.5493592524122,-1.21611935864042,-0.76507434429484,"Perfil Teórico (Académico)",1.43676200073574,"Destacado"
"27",7.25788428776765,16.7679378649641,39.535037853709,95.8262502767037,12.6927838872339,8.62644113125791,1547.73459685808,81.7689277184767,-0.308836881644181,1.01032101683597,"Perfil Práctico (Laboral)",1.05646996006709,"Destacado"
"28",7.72223502517109,11.922421579801,79.0757616688288,101.249720395608,14.0784425983036,7.85237835179788,1845.03176259606,84.1138866935989,0.396555030265868,0.755449854575541,"Perfil Práctico (Laboral)",0.853205939271036,"Estándar"
"29",8.57089058940061,25.6815107583788,60.1285220097494,105.256276733878,9.73708070775865,5.2617889836924,1328.65692566657,70.1482881376554,0.00828749949021448,-0.998613273831063,"Perfil Teórico (Académico)",0.998647662251004,"Estándar"
"30",10.9516103044714,31.5863316467867,91.5080742813158,116.345684542119,13.2210733342352,3.17378311890676,1050.05568485226,76.8182791425165,1.31723027216739,-2.20007890855961,"Perfil Teórico (Académico)",2.56426262184727,"Superior"
"31",8.59895228017852,21.3218640396599,60.1793264800928,93.6590482498348,13.3817854754093,7.37888081922653,1312.97527982101,74.7028891385406,0.0545113117669669,0.00819688005849543,"Perfil Equilibrado",0.0551241503630562,"Estándar"
"32",6.77981814094356,16.2386298992364,30.5278924742576,88.1221385662531,11.3019756369918,4.5928324399213,1001.79645861925,73.7991134324231,-1.47326950371636,0.296654294089422,"Perfil Equilibrado",1.50283957919078,"Destacado"
"33",7.53121683236434,14.8803154938228,60.1176330147628,83.251029850678,7.07057740546669,4.86221109081349,914.65032265959,68.1650301347687,-1.44626384239636,-0.532211974583852,"Perfil Teórico (Académico)",1.54108036380765,"Destacado"
"34",9.60838146113925,22.0640639422543,79.6725477070525,114.953418253987,12.0104436785861,4.2354309269111,1442.81518705943,80.4255541667044,0.761801192779558,-1.10163718614149,"Perfil Teórico (Académico)",1.33938252460233,"Destacado"
"35",8.13572979640732,17.1113452193265,65.5925137180696,100.352280803608,12.7999050174846,7.31996299983283,1322.92512880553,90.5613947529332,0.248339492046206,0.367010109112917,"Perfil Equilibrado",0.443135333166791,"Estándar"
"36",8.44143746945382,23.1126324474712,71.1822936988165,103.197565003116,14.0050822943787,6.14175684528775,1249.56912129475,76.9786097715924,0.386012398305569,-0.438235932182557,"Perfil Equilibrado",0.58400026018961,"Estándar"
"37",6.43531343856058,13.8800401460206,48.8132738261133,97.3336706441822,9.22389057977562,2.18096487893795,622.639225309813,67.5922844492418,-1.7774267600695,-0.770291583929598,"Perfil Teórico (Académico)",1.9371615863639,"Destacado"
"38",7.62947853275566,17.4340527182814,52.5594708658858,95.6053883821587,14.408664401114,9.55863778338186,1917.75337930369,87.3996785265354,0.379440127477934,1.34710965234441,"Perfil Práctico (Laboral)",1.39952821542831,"Destacado"
"39",6.39834757064553,17.058258501887,34.0622547982536,90.0519563279996,6.06238524649433,0.931487053664805,358.856339975094,59.4553103957938,-2.53417261088198,-1.28674378147464,"Perfil Teórico (Académico)",2.84213658730682,"Superior"
"40",7.83616242150369,18.6563942653009,51.6074674524583,104.592588612131,10.8530589674311,5.67259595766945,1570.39553109343,74.8982671755432,-0.251269738652813,-0.106535397229675,"Perfil Equilibrado",0.272921733149886,"Estándar"
"41",5.92235411042472,15.0626697360051,37.5341539647519,88.348684292866,10.1589849871803,6.15160725898693,1540.84589667789,73.5896489262144,-1.2757351742555,0.783879594498523,"Perfil Práctico (Laboral)",1.4973200905297,"Destacado"
"42",10.2820117756655,27.6745914174719,74.5419613225426,111.5976383058,9.32064839499457,6.30371852556727,1449.55262688123,87.0215914353465,1.10361850255153,-1.10644417274962,"Perfil Teórico (Académico)",1.56275158185352,"Destacado"
"43",8.61642293319694,20.0906231091496,54.1309855963801,101.990898635734,5.08889523610896,2.00971582157602,791.43063402817,67.4846276995438,-1.16627765837293,-1.75841719965844,"Perfil Teórico (Académico)",2.11003190129307,"Superior"
"44",8.20013638643911,24.3106689702282,57.00884325837,107.706575155238,8.73245159420716,4.77322952297252,1257.15328251726,74.0333009865402,-0.165053515577909,-0.979235783001347,"Perfil Teórico (Académico)",0.993048529385593,"Estándar"
"45",9.18822891283256,25.7252499834514,77.9974369315923,112.201852546362,7.83186730421076,4.22246146918802,1266.71059089271,82.8626137994941,0.491584106209919,-1.46979700567879,"Perfil Teórico (Académico)",1.54982520671866,"Destacado"
"46",9.26467042585105,24.3683655404313,69.2694866212534,113.576751078665,10.1825770016519,6.31139269125691,1016.07502264867,76.1169876865271,0.447921967359059,-1.2228040396356,"Perfil Teórico (Académico)",1.30226103688621,"Destacado"
"47",4.47278987312085,9.3954520697655,24.3849941037218,78.5536815746905,16.5929856931993,8.01294206594564,1843.29776291949,95.8989186383491,-1.10622670589811,2.99148308146967,"Perfil Práctico (Laboral)",3.18946838071197,"Excepcional"
"48",7.67056160623547,19.8540902205002,59.8786182215109,93.9727889390015,5.76328668422114,2.40895734601488,723.264549589046,70.4983059216329,-1.3275385779637,-1.38927467566191,"Perfil Teórico (Académico)",1.92157300158422,"Destacado"
"49",8.29605554446058,19.3769450449899,58.0384564200064,110.990373288145,12.6172883328781,9.44938944826738,1753.69570867411,85.4446946327883,0.746238062707121,0.509750008523254,"Perfil Práctico (Laboral)",0.90372358463323,"Estándar"
"50",10.013950093677,25.0570820557781,85.6329153856324,120.276710132854,12.1234806801187,7.41809476127956,1625.80109286577,90.040715830701,1.65545211916369,-0.754950095967182,"Perfil Teórico (Académico)",1.81947007841416,"Destacado"
"51",7.84052785544115,23.2369615881605,77.3850717505055,94.0918811109787,12.3845821647521,8.73408971134836,1840.83393744822,88.8343770061058,0.765192528710585,0.53934359652426,"Perfil Práctico (Laboral)",0.936168318790069,"Estándar"
"52",6.41829573564275,17.5985199614786,68.2619089791611,97.3081951005743,11.4266050294958,4.24735601198962,1037.2577909483,67.9666829688674,-0.886654723347664,-0.501562124343332,"Perfil Teórico (Académico)",1.01868599824014,"Destacado"
"53",10.0245155929832,27.8036584869673,71.1665603438321,106.464910603208,12.4461332036616,4.94145257719678,1595.99076393061,80.7240323197412,0.931523815088002,-0.906074226949567,"Perfil Teórico (Académico)",1.29950264440607,"Destacado"
"54",7.51237911121242,18.0488861962461,55.7006145526928,91.4083580432428,11.3533500647371,5.78998611507538,1549.50994183019,83.7620339112474,-0.364597523716884,0.414286348784517,"Perfil Equilibrado",0.551873656818017,"Estándar"
"55",7.28380216360196,18.2709508755592,58.557274114352,104.870753344624,8.33865426675738,2.99586941560119,544.887417610383,67.0270383176804,-1.19324472459629,-1.37591667245829,"Perfil Teórico (Académico)",1.82125771441758,"Destacado"
"56",8.92263944119497,17.6958224741113,82.4916503861408,102.371399911511,14.8660353115805,6.81753810502142,2359.84806951307,94.5345178622796,1.25371143129469,0.75628756524223,"Perfil Práctico (Laboral)",1.46415956585988,"Destacado"
"57",9.68486607351524,25.7108477117112,86.6180982343804,119.895885114333,9.09802274323103,2.63685813607208,977.897541100568,60.9434348736907,0.294194310278334,-2.5662652338854,"Perfil Teórico (Académico)",2.58307327477349,"Superior"
"58",8.29346659097222,18.9335201924759,66.9923608255204,100.784061867127,13.9879717331587,5.70734170787706,1443.60010871521,78.9174036171765,0.162120290910767,-0.0487544592002721,"Perfil Equilibrado",0.169292604731874,"Estándar"
"59",8.30777392577599,14.3467175355967,57.3025152201201,91.8177867845666,7.0626871797131,2.02931338769241,1069.6656917148,72.6916635772128,-1.29806574725946,-0.898202361807162,"Perfil Teórico (Académico)",1.57852531400805,"Destacado"
"60",8.47170564319353,19.9254735510261,68.0285728369069,92.1241448250061,12.2425361490802,8.2972954286642,2089.19660755948,81.0295599638845,0.498910754772998,0.624631728938227,"Perfil Práctico (Laboral)",0.799422753006519,"Estándar"
"61",7.41450306668785,14.9509984348754,49.7319406397455,101.864734041351,11.8794953276265,5.88445018354713,1403.1600343608,81.3198151354357,-0.440831874404503,0.334929306788743,"Perfil Equilibrado",0.55363379777338,"Estándar"
"62",7.68795543381522,17.9619886067034,51.834655296637,100.250119118634,9.70189764476243,6.39137969937827,1434.40022530191,76.2225278184439,-0.42893582225278,-0.0293656800330116,"Perfil Equilibrado",0.429939859486731,"Estándar"
"63",6.83767261875754,15.1531592847086,40.6981804115957,90.3274658146105,8.53366606045624,2.55218624081311,909.022018352557,67.3351834390724,-1.80095824996683,-0.495868550782461,"Perfil Equilibrado",1.8679765088937,"Destacado"
"64",9.45210940262908,26.2802272155248,76.477210048019,117.287052710969,6.08262181471832,5.95150727910659,1222.24518273053,76.1797502716919,0.557604946101577,-1.72662163173725,"Perfil Teórico (Académico)",1.81442705422399,"Destacado"
"65",6.44767808269062,9.46643435852566,32.212638923521,74.4281295807336,10.0884057148483,8.11511228524438,1357.05062450851,66.1183722671451,-1.81129990905813,1.19249563287474,"Perfil Práctico (Laboral)",2.16860627938299,"Superior"
"66",7.68063818922506,20.0533226227953,56.9689919947535,94.1036630500534,13.7747206488506,7.61671561053372,1723.78897346449,78.3244988198663,0.0894358271748441,0.615363357856542,"Perfil Práctico (Laboral)",0.621828617365691,"Estándar"
"67",8.21450181361715,19.4314668023448,64.8313668253906,106.584315978873,17.4140156985914,9.53550826007665,2031.75391939947,91.2449253478996,1.22930462164214,1.19296264023193,"Perfil Práctico (Laboral)",1.71299437062118,"Destacado"
"68",8.95169545614337,23.0934093203161,72.7256310131518,94.0299607515037,14.3585504445559,6.72608178898987,1677.54786985947,86.2428137785129,0.712215434440692,0.193586280459331,"Perfil Equilibrado",0.738055873926644,"Estándar"
"69",7.37465272549118,23.0253815208521,56.4016078509495,102.059781349333,15.0625730512594,8.47314827308937,1770.5805417288,81.4112307709453,0.528982507636238,0.701518636463862,"Perfil Práctico (Laboral)",0.878607358659851,"Estándar"
"70",6.03468768982976,11.2038667785642,31.4717228140096,91.1805921134236,4.76699283840858,2.25620427079729,802.301438132392,60.5801008538751,-2.60105644097532,-0.656663634095975,"Perfil Teórico (Académico)",2.68266690766545,"Superior"
"71",6.74563825092,15.1814361961061,21.6643366509245,81.4908571300408,6.39386026672565,2.01697886309332,1092.59899942869,76.7064266149776,-2.18295481681037,0.0269241138059371,"Perfil Equilibrado",2.18312084872548,"Superior"
"72",11.2041936470068,30.0753835606657,70.393945499347,112.563897443733,14.478861573094,6.20828707239208,1721.37413185485,83.2404997670199,1.65378874919103,-0.855259540705237,"Perfil Teórico (Académico)",1.86185018433765,"Destacado"
"73",8.47861712951865,16.9576204412616,50.2744099550986,97.1496941971208,10.4196046310957,4.74890091990263,1513.28027497184,69.83921624319,-0.592622222953377,-0.27441033871699,"Perfil Equilibrado",0.653071307846988,"Estándar"
"74",9.49890668920959,26.2387732311868,63.4694055354949,104.026784085743,14.3999691007539,8.06901273580864,1261.99667715334,75.1612099698868,0.763958461678046,-0.426149396890545,"Perfil Equilibrado",0.874777594385945,"Estándar"
"75",7.70998227357386,19.0586558317617,50.7625747019245,107.775345128172,15.6989019231051,7.30712306292736,1902.63667279373,98.016983827127,0.737569845404814,1.13720205723541,"Perfil Práctico (Laboral)",1.35544745225734,"Destacado"
"76",7.51721382233931,15.7307208974486,44.9198625520639,99.694877091528,11.436690040658,7.17783771015357,1219.67498396697,78.8105173003293,-0.536582023659773,0.343097061996733,"Perfil Equilibrado",0.636895487553183,"Estándar"
"77",7.50689906962133,18.1293715628594,42.8445590111687,92.4278673474221,6.15650095078672,4.60603017697474,1294.33758942255,76.0917038466143,-1.14495271757139,-0.305414583994367,"Perfil Equilibrado",1.18498725461102,"Destacado"
"78",8.89944868037604,27.4711493444665,70.5712294163554,102.749839029884,8.77704511286415,3.51134370647796,1277.56056964799,77.2122966391058,0.123260236191778,-1.34795832245895,"Perfil Teórico (Académico)",1.35358218254837,"Destacado"
"79",10.2398946067421,27.2669919384644,67.4978656269102,113.554516586953,15.6038929775268,7.98578298182725,1855.18793131852,91.2008571702675,1.76109610051406,-0.0214750908411568,"Perfil Equilibrado",1.76122703101346,"Destacado"
"80",5.67344746751982,15.9414364828389,30.8891390904441,87.3604792631464,12.6681289619697,3.81450201829618,1199.8763667329,60.0498341824598,-1.8206262607456,0.306879974217116,"Perfil Equilibrado",1.84630856031488,"Destacado"
"81",10.4504571989696,26.5091620028099,90.7096671313659,116.604869231425,11.1005912400721,5.69644085562404,1682.7135088128,76.3589611050423,1.3730044760626,-1.43641263610108,"Perfil Teórico (Académico)",1.98706380180375,"Destacado"
"82",5.93085432318886,11.5262005376282,40.4011276709181,89.9190553982603,6.06421589617279,3.33589123635504,1084.6535698303,69.7100407765004,-2.0729979683223,-0.143249747587454,"Perfil Equilibrado",2.07794154558117,"Superior"
"83",7.42832578346016,21.6875312047101,73.8215095516306,110.769872516525,10.0246047313623,5.21129739444022,810.44438676267,74.6976368815455,-0.179911517958484,-1.12165561350378,"Perfil Teórico (Académico)",1.13599272427189,"Destacado"
"84",6.2021666410286,8.90261682437772,26.9767750378406,76.7275672110186,10.2277067710462,6.52344740707541,1649.35286956574,79.6686169887204,-1.67455927996381,1.58531645465245,"Perfil Práctico (Laboral)",2.30594385090026,"Superior"
"85",5.61307717221153,11.2955181473613,43.1084358339427,82.8669052382809,11.2917212761323,6.85250596491634,1258.0918639547,81.0473438623664,-1.38779836276736,1.18919147783508,"Perfil Práctico (Laboral)",1.8276106441623,"Destacado"
"86",7.81330988734592,16.8281587631024,53.6969252133706,104.32352717226,13.7082388777994,5.41635189579753,1822.558182893,75.5970113095082,-0.0495189805936757,0.298138601960146,"Perfil Equilibrado",0.302223022646831,"Estándar"
"87",6.770289435594,18.4646138145158,52.4952888880585,100.558074949132,10.5151911228193,5.17116034685046,1838.04350230196,82.1851613529474,-0.335090332974924,0.376605592283115,"Perfil Equilibrado",0.504100489379014,"Estándar"
"88",9.226555346243,24.4874075756188,72.4669009612156,107.512748623355,14.6712778134682,7.33207793771487,1596.07031039731,89.072312811592,1.16812798038955,-0.0468392472156448,"Perfil Equilibrado",1.16906667630581,"Destacado"
"89",8.02800259792778,18.7222153256439,62.8254584183278,99.6182001388989,16.5401449529349,5.99579595098704,1629.60088163643,80.8460906225377,0.307243130617581,0.459737096560053,"Perfil Equilibrado",0.552952565113102,"Estándar"
"90",9.63737799449257,25.5020705283382,65.4308031948825,109.909198884246,10.9871922297649,3.46960911830686,1607.59979765173,74.5658770963629,0.459426803739034,-1.1668769871341,"Perfil Teórico (Académico)",1.25406335210667,"Destacado"
"91",8.36753525284801,22.7919080441239,67.2172876609482,107.734469736574,11.650705022753,6.3939207232087,1109.98533562994,79.5059675524186,0.271576028388401,-0.625032890410404,"Perfil Teórico (Académico)",0.681483421140971,"Estándar"
"92",9.96138421930258,23.4865783132855,73.0020356422104,117.940218916165,13.2099213528387,6.34856158746835,1663.26587894307,77.5379781255357,1.13974258986523,-0.787196381115998,"Perfil Teórico (Académico)",1.38516833402833,"Destacado"
"93",8.05291051289602,24.5455639694931,59.8278183442716,108.063848515108,14.668781440188,6.22775625495392,1619.75092277381,79.1362886003988,0.560621164328845,-0.054189767174126,"Perfil Equilibrado",0.563234072797284,"Estándar"
"94",8.16472101889006,21.4709753221639,62.4926218779269,100.10664617003,12.5202413153442,4.20703902182458,1024.35980871352,76.3095104893407,-0.261219361582963,-0.644301560600775,"Perfil Teórico (Académico)",0.695241005593316,"Estándar"
"95",5.98559198624757,17.1364158279399,41.6606806458368,86.3020223778508,15.3454773016762,8.61386857559238,1538.65927339332,97.7444055431279,-0.260374733658258,1.92249823220903,"Perfil Práctico (Laboral)",1.94005011656257,"Destacado"
"96",8.63073940682526,19.3252564374978,55.0285490841001,109.478609462639,9.90587944892603,5.18610585318832,1209.41744750676,68.0096247533759,-0.306561537989827,-0.894115862951936,"Perfil Teórico (Académico)",0.945210639464544,"Estándar"
"97",9.74389761301553,26.4766624422171,90.5478765731004,120.060228801716,16.1375546256421,8.7829468897268,2000.44588929191,85.4664594510489,2.15136602160206,-0.246919048822093,"Perfil Equilibrado",2.16548950022277,"Superior"
"98",6.35217457775872,12.8879741575109,31.5776711698391,91.6239303547315,8.1676763696873,4.91144606978341,754.740620557299,75.8628103902708,-1.81531558402922,0.113146900590064,"Perfil Equilibrado",1.81883833551321,"Destacado"
"99",7.69031412005503,21.196658158963,64.7616335727082,109.04294473549,7.62074720602794,4.1941195825054,988.699628499611,72.0642437398387,-0.503623435758928,-1.25641013431515,"Perfil Teórico (Académico)",1.35358892971812,"Destacado"
"100",7.82502157387257,18.1669360705856,55.9848604462713,100.9231807726,8.00360344243925,3.25695987395351,1421.55742503278,62.8407182490151,-0.91857320793999,-0.935413286613662,"Perfil Teórico (Académico)",1.31102050141046,"Destacado"
"101",6.75755185507229,17.5449717584085,52.2350941894725,103.736442485028,13.0424940897649,5.24092921499567,1907.5743832003,87.1705819753875,-0.0520911696517439,0.714650454646844,"Perfil Práctico (Laboral)",0.716546413208962,"Estándar"
"102",8.93790311371079,23.2240065904862,58.315886235719,105.89980440494,15.5257404425827,10.6747372026201,1820.79106768867,100.020665415082,1.45282547903218,1.09533510875054,"Perfil Práctico (Laboral)",1.81946719480914,"Destacado"
"103",8.1523604887666,17.7590931077253,48.0351501773232,99.7614376497594,14.1939475644089,8.35244233177652,2122.999900339,86.2586908077821,0.457902210930205,1.16537943569054,"Perfil Práctico (Laboral)",1.25211168188192,"Destacado"
"104",8.4804237737992,24.5471810651934,65.9283095113835,102.337022060249,12.4742102817523,8.42748241831223,1881.10853566141,100.889663121727,1.13877356865421,0.648579567691818,"Perfil Práctico (Laboral)",1.3105192468227,"Destacado"
"105",8.83607728849975,26.6250217851747,85.6315155245646,116.40786368912,12.4591856593636,6.9091169643346,1829.82443830176,97.6851756764304,1.6319630319758,-0.290709827614949,"Perfil Equilibrado",1.65765362534142,"Destacado"
"106",8.50672023656757,23.3257437046461,52.2090045107532,107.206186513951,13.9372767739962,8.29027027736062,2182.26445748506,95.4103413899373,1.11190428821441,0.917662433536833,"Perfil Práctico (Laboral)",1.44167801123355,"Destacado"
"107",7.35247626789757,16.0150494440454,57.4390600897665,91.6154582270059,12.5929140637044,5.25253877761076,2206.35678092186,77.701333901878,-0.247434769604761,0.764716338285718,"Perfil Práctico (Laboral)",0.80375061010893,"Estándar"
"108",8.67850629730933,27.0122634778865,57.3497953141655,101.110499687455,10.7936844048354,1.79038391871836,607.816458617465,68.7030681838149,-0.603168249756403,-1.72190452656445,"Perfil Teórico (Académico)",1.82449092519458,"Destacado"
"109",7.83565683411908,12.9228267450792,41.4613368048113,92.2540473553287,12.6233268212895,7.40515883502733,2013.88882344329,91.6929371392934,-0.156680816830814,1.46185898833257,"Perfil Práctico (Laboral)",1.47023147161646,"Destacado"
"110",8.62786841930505,30.1732877231821,90.0535162222968,115.885281832413,11.6038946066415,6.43709352020992,1351.52118431472,76.7921398085147,1.14809415506521,-1.32037236121269,"Perfil Teórico (Académico)",1.74971522287179,"Destacado"
"111",8.55750028392218,15.9958209975809,49.0549829364198,95.8629832905227,11.0405814128348,3.92476215191284,1270.60835715492,80.4264751437066,-0.619380504127604,-0.152695556893912,"Perfil Equilibrado",0.637924871743144,"Estándar"
"112",5.89893613213395,12.6680338274854,40.2131471235227,91.3899047949109,13.7824627625336,4.40179625028061,1529.70930331899,87.8088332058211,-0.987554934781312,1.18628028104116,"Perfil Práctico (Laboral)",1.54354321429561,"Destacado"
"113",6.86184352733094,18.0193432272735,66.0161848358931,98.3231850364934,17.7492699253989,6.28815717672842,1767.39132517813,102.440771002927,0.613147091063166,1.36333338300531,"Perfil Práctico (Laboral)",1.49486697351166,"Destacado"
"114",7.69449367986536,17.3339464007067,47.6463629497664,98.7398141137927,11.5451756371651,7.43037272805987,1950.45330368989,91.6966219642475,0.129228518605258,0.994709741658764,"Perfil Práctico (Laboral)",1.00306903061143,"Destacado"
"115",7.48757662797829,25.7986780823344,76.5969480922484,107.353328627826,12.3399216358709,6.54929890573946,1811.91560967835,85.5624667097672,0.814249845441425,-0.0954319818427403,"Perfil Equilibrado",0.819823196768558,"Estándar"
"116",7.86720657549995,22.4993883650512,63.6634896638377,112.406293030579,9.06686404504735,5.50658210481903,1277.22243374757,65.1945601958145,-0.169356507502727,-1.11403316467774,"Perfil Teórico (Académico)",1.12683251578725,"Destacado"
"117",9.49427904520011,21.5095242553711,83.5110405444822,115.472407834723,15.5872471686694,7.30423433555821,2089.74825258952,89.0319286298744,1.6606156390605,0.0824426854495277,"Perfil Equilibrado",1.66266084848247,"Destacado"
"118",6.14905541283529,19.728723326473,65.7593209017445,99.0592274110061,9.42114943444927,5.52936634611348,1195.29581247751,74.164318832558,-0.677386935136904,-0.313514953268135,"Perfil Equilibrado",0.746421252254308,"Estándar"
"119",8.85417847567017,14.3559191224136,47.8833098014203,97.41376528835,13.0730755526389,7.82089110644062,1704.81634865135,99.5564806054622,0.328736603179705,1.14864942520225,"Perfil Práctico (Laboral)",1.19476493767083,"Destacado"
"120",8.48047441590996,17.9795696501623,57.2015629483721,102.93133071984,9.06306100319199,3.42136762176917,1432.14227693264,69.6957167104825,-0.564262588877509,-0.821836514488458,"Perfil Teórico (Académico)",0.996898954635467,"Estándar"
"121",9.09327416277548,32.2619182348789,87.2640099582284,110.069473586191,14.6138389809659,5.70412495928262,1517.0239398789,76.4244575864355,1.32687249726517,-1.09321406448423,"Perfil Teórico (Académico)",1.71921715172483,"Destacado"
"122",8.62925469109424,17.3165982654144,58.8498315225972,104.362766259556,9.32673517422753,4.61404281850383,778.91356450001,67.3403463206241,-0.714400796768791,-1.14264536591961,"Perfil Teórico (Académico)",1.34759301374022,"Destacado"
"123",8.25344784047435,23.203610335505,66.8207225301388,91.9783055130102,8.75876093169406,5.73645667701539,1081.46318193472,73.0957650156642,-0.394985867912422,-0.778793512453471,"Perfil Teórico (Académico)",0.873231453218529,"Estándar"
"124",8.54212526710813,19.7496792338856,62.860075411729,107.365446703215,11.9953568543814,6.36010259654186,1978.62170556782,89.5965972437944,0.664070676107196,0.284866816912004,"Perfil Equilibrado",0.7225918393139,"Estándar"
"125",9.30996051937063,26.9740672357273,69.7139577850677,104.362642267553,14.593061194721,5.50702770521491,1618.44786684062,76.7083229667526,0.82448910277095,-0.54999684440484,"Perfil Teórico (Académico)",0.991099797923159,"Estándar"
"126",9.34408043503251,22.2010013316575,62.272578289402,110.207297324376,12.4782850060435,7.35135293840012,1523.4031211678,86.5643928646212,0.817021193359197,-0.165979942662974,"Perfil Equilibrado",0.833710364433891,"Estándar"
"127",7.33275998631549,17.8812620637023,56.7875662272861,100.453918964175,8.33923415444533,3.71894260318248,1131.31541614998,67.5726707466429,-0.996981625005981,-0.826060285101736,"Perfil Teórico (Académico)",1.29473856636076,"Destacado"
"128",7.95702174755079,22.1547342199454,52.2763181995554,106.083490362612,8.47468577513294,2.93778461581271,687.184429982044,61.5073729497052,-1.01211177454247,-1.61719100431558,"Perfil Teórico (Académico)",1.90779374896941,"Destacado"
"129",7.17217203863832,16.7917006014703,56.2579778636053,92.9502466516024,13.9336524567936,8.35281502603988,1971.2773247127,79.0512624245345,0.0252849062566773,1.11037936459453,"Perfil Práctico (Laboral)",1.11066721379618,"Destacado"
"130",5.93481781535876,7.58815621023851,55.025758514705,89.8449190165041,6.82507311128043,3.07802112006793,1145.06737177468,69.7389117847625,-1.98873744173544,-0.113991610570442,"Perfil Equilibrado",1.99200168158585,"Destacado"
"131",5.89122848867494,18.1567780709659,51.111144819826,94.5118150584219,10.0976356997332,4.41575923347156,1228.98940798609,81.6970056291547,-0.990545202662197,0.179827494799108,"Perfil Equilibrado",1.00673617517342,"Destacado"
"132",8.708070575382,17.5377986754809,61.8139252509063,108.374455494823,11.6817307503949,5.25530520454237,1406.24407049904,76.7126531083138,0.0389454897249523,-0.443544710231264,"Perfil Equilibrado",0.445251233736699,"Estándar"
"133",6.86521392038581,12.468993422772,54.0007889200017,82.4855314157734,17.7829996467999,8.44393361360017,2180.36355201468,90.0190125837043,0.051605166546218,2.2369213802853,"Perfil Práctico (Laboral)",2.23751655966872,"Superior"
"134",8.08875545587103,16.4373161891377,61.8571946990283,90.4537742876717,11.7899191060403,5.44460469832948,1662.58150835813,84.3682932110567,-0.21510580683371,0.396617865929289,"Perfil Equilibrado",0.451194237228142,"Estándar"
"135",8.5546675865564,19.4846022299351,49.841058733113,95.5022296732631,11.5471028645266,1.70143226892527,1336.54289102005,75.0254544548274,-0.697077592982295,-0.594115512099159,"Perfil Teórico (Académico)",0.915909609270935,"Estándar"
"136",7.11401698431952,19.8193553545707,46.1834404306922,92.0223215747318,15.215088388861,8.7222207774969,1590.8256828099,102.877381806129,0.327877462560714,1.62271594214227,"Perfil Práctico (Laboral)",1.65550918431096,"Destacado"
"137",8.51332696078549,19.0309007124127,60.6484881001802,101.248203678584,14.4284344702312,6.1673166950482,1377.73720940576,77.6313801080648,0.140880579928642,0.00392737512541726,"Perfil Equilibrado",0.140935311673144,"Estándar"
"138",8.15742256173622,21.5185352670239,56.4581799790609,105.970054822642,13.2658315504194,9.04067896608233,1989.53927468851,86.5221767821884,0.806001480664084,0.730295466408891,"Perfil Práctico (Laboral)",1.08764417669111,"Destacado"
"139",8.7982677765608,26.157548444911,66.781820087153,117.251557949618,13.7756573238323,7.23137441421739,1815.92980324079,94.479566219669,1.40951277549769,0.0148528657167278,"Perfil Equilibrado",1.40959103001942,"Destacado"
"140",11.4865990725297,29.5793432728497,97.0654350061241,114.797533665508,7.76559058084025,3.73353230908585,1353.35216429788,65.8862292665322,1.05399933116477,-2.68328250867617,"Perfil Teórico (Académico)",2.8828665615084,"Superior"
"141",8.36749041271968,20.9715466693189,63.2719327855918,97.2130370098404,16.3001931648351,4.44109196841347,1873.11556638624,87.4187616864312,0.482324719702599,0.454066303664486,"Perfil Equilibrado",0.662429878069914,"Estándar"
"142",8.02217005858511,22.8593133103175,68.1290453284842,100.95579551944,15.9587486419894,8.35964642620301,1425.32058904417,88.0883817068198,0.776276247538422,0.486225892739956,"Perfil Equilibrado",0.915980584544836,"Estándar"
"143",7.85245612542798,24.0227679014616,59.413231483582,95.5859316462452,14.1942123421044,8.2546804717655,2265.43631346969,100.269137776568,1.01931693002773,1.30253578793423,"Perfil Práctico (Laboral)",1.65396689286413,"Destacado"
"144",9.46766353682205,20.5653072902895,75.7255812967345,108.899590845705,12.1230185175156,5.42104379501108,1323.96378691472,71.8351144672254,0.411742682309133,-0.976513614319544,"Perfil Teórico (Académico)",1.05976925572812,"Destacado"
"145",6.32220908054088,14.85688601171,23.6773387665784,82.4787463362324,11.9642905026603,6.25696856214185,1625.74493646253,71.8631538926505,-1.40639528325853,1.17829156028529,"Perfil Práctico (Laboral)",1.83475303346565,"Destacado"
"146",8.61979284527865,18.8708540435006,52.6900069989665,96.9686951489411,17.7663700122169,8.37198214612432,1975.85777907305,87.2633628171876,0.746051360303916,1.25779184005195,"Perfil Práctico (Laboral)",1.46240655944665,"Destacado"
"147",8.50818721330919,20.5534495469269,67.1744248986768,109.738952423395,11.0898041920798,5.85421365988374,1463.62064417683,79.8317468564434,0.322144607267838,-0.493184007422172,"Perfil Equilibrado",0.589073521021564,"Estándar"
"148",8.66751623662325,21.1245890579335,67.5465545245174,100.657878867287,12.1109935593522,6.94652167755263,1972.58642843988,78.6944364612502,0.537858316089879,0.101917510064992,"Perfil Equilibrado",0.547429216469935,"Estándar"
"149",9.60798463658609,26.120408822492,71.0573559393196,122.718593236812,11.6402051919209,7.58045113786797,1844.54983328515,75.4141079653444,1.3140182917366,-0.82147100485338,"Perfil Teórico (Académico)",1.54966405483034,"Destacado"
"150",6.16229696408099,12.4993561092549,50.0513349205779,87.4475037127713,9.84011671319828,6.03941455021199,1243.33292180095,79.8920658454647,-1.23453748020118,0.637223429725364,"Perfil Práctico (Laboral)",1.38929352169095,"Destacado"
"151",8.69917734200364,25.9214105928596,65.5150173872341,104.031965162956,13.0538961246571,5.57575144728425,1432.29463720764,85.6048930373869,0.605404471971932,-0.364413536377872,"Perfil Equilibrado",0.706619982861397,"Estándar"
"152",7.42213649887256,19.9888603326946,55.6595208404288,103.250831327016,14.4005398702101,8.09392004579147,1910.75650146289,86.1179318956287,0.497034358100359,0.892123597301076,"Perfil Práctico (Laboral)",1.02123830029707,"Destacado"
"153",8.23604507710936,25.1344850876661,63.4556696394259,91.9849484966326,11.5973917840007,5.47146573596369,1761.7948242709,86.5429801778647,0.286230384175147,0.0852905453777187,"Perfil Equilibrado",0.298667557588501,"Estándar"
"154",8.77829538096804,22.7718116534083,80.8353074296565,106.819372336836,9.27866495882531,4.26434095451823,1656.56883488227,77.5083294085557,0.390097285812007,-1.00592557907114,"Perfil Teórico (Académico)",1.07891712518965,"Destacado"
"155",8.39829483620298,25.0642779467943,50.909085533942,103.496552959265,16.0092355503084,8.97661761179205,1947.05759928111,97.5804981165867,1.18302105719946,1.10938444757667,"Perfil Práctico (Laboral)",1.62181154093265,"Destacado"
"156",8.45443715312169,21.1794177014772,64.2927230030421,96.8880906028457,13.6129714122266,6.59601628662235,1820.45275246553,80.623180567096,0.406527800508238,0.279780254108222,"Perfil Equilibrado",0.493499587816371,"Estándar"
"157",6.85272282929504,22.1854470198107,62.8691713592578,101.67172629154,13.3537845113423,7.19321417216596,1982.25124209555,80.5930925182086,0.357579304690467,0.565665963965033,"Perfil Práctico (Laboral)",0.669209191457655,"Estándar"
"158",7.66430570869874,14.4716276203775,62.2320872727973,90.5306215551495,14.9098134753576,6.59635094168142,1844.65169713903,84.1116834601646,-0.0152028739944208,1.0066925281493,"Perfil Práctico (Laboral)",1.00680731702214,"Destacado"
"159",8.04052694570997,23.8577199984209,55.2527670602732,94.7571620000339,11.2694720483819,4.72112786240561,1597.76942008444,88.1808446294907,0.0230888585619579,0.0483292048490756,"Perfil Equilibrado",0.0535612493416463,"Estándar"
"160",8.30510472171911,15.6947564876121,54.3235629562611,94.8899021394839,9.79433556095382,3.86553213283978,1176.68112442826,66.1894995126517,-0.977664379716537,-0.635970927109121,"Perfil Teórico (Académico)",1.16631327673767,"Destacado"
"161",8.94052245745524,24.3558576702237,60.1968646160928,117.511269508087,10.9659828058221,5.97097185995951,1448.13368684724,70.1506974658174,0.446444111178065,-0.997063264578662,"Perfil Teórico (Académico)",1.09245022677366,"Destacado"
"162",6.67744483366016,17.0814584619799,42.9050563367657,100.968575696576,13.6659355194916,6.3567122889453,1738.77667699367,67.2576460337916,-0.545203072637427,0.536739550500609,"Perfil Práctico (Laboral)",0.765072372710508,"Estándar"
"163",6.45992206307557,10.08715498552,54.1961142433802,80.6414178015735,11.7382374583067,6.27042119021823,1344.98976627367,73.9708361595731,-1.29516948903116,0.854678695431493,"Perfil Práctico (Laboral)",1.5517537426221,"Destacado"
"164",8.92340468668925,18.3163051568822,78.2492485261382,109.124083441949,12.2943295753803,4.07166311128542,1409.17031770348,82.9008493398876,0.385305453453996,-0.677390690911018,"Perfil Teórico (Académico)",0.77930638428945,"Estándar"
"165",8.36940806147607,18.3192406864948,65.5017088471568,86.2707063009958,6.32663290192922,4.35564029035343,812.713729857191,64.4201730477672,-1.22083734215465,-1.18658341490923,"Perfil Teórico (Académico)",1.7024758490319,"Destacado"
"166",6.07550675768509,16.4614792187301,54.6749527410775,92.4537790013131,11.8255963324067,5.22200696047752,1503.89605083074,88.1890825461686,-0.631111931392714,0.744828500681351,"Perfil Práctico (Laboral)",0.976253945125689,"Estándar"
"167",6.37931905998722,19.2234256868032,38.8510137107488,88.5170153644567,13.0050262652375,7.36042297749863,1308.41769577325,82.92608550269,-0.686360332394059,0.971700639024169,"Perfil Práctico (Laboral)",1.18966072380493,"Destacado"
"168",7.51679640991608,14.7350424391614,48.1871524586057,93.2630716634233,15.8795019900168,8.07591612683206,2161.92532487367,98.6367490772997,0.393955905056513,1.91260495857877,"Perfil Práctico (Laboral)",1.95275676486064,"Destacado"
"169",8.334522416259,25.4291504431501,77.7255382931334,100.484434980632,6.35895738087746,2.93210326571114,1430.63090145552,76.8985622551144,-0.130146994527488,-1.39941900962314,"Perfil Teórico (Académico)",1.40545786300377,"Destacado"
"170",7.14078738719404,18.3035819435893,57.5884490107724,101.170048996973,11.9632696734039,8.50116414689142,1787.95536260587,86.6994687901732,0.219989897702782,0.818728604322503,"Perfil Práctico (Laboral)",0.847768885149221,"Estándar"
"171",6.88689586771119,16.8302389974288,45.0416557741805,95.484683045445,13.3331733630282,4.28727688494634,1294.84810996108,75.4630800526849,-0.844557441751475,0.258958985267911,"Perfil Equilibrado",0.883366870823659,"Estándar"
"172",6.91605603528174,14.4703562605879,51.0281880990581,98.1460877634373,13.3972317081028,7.64624060712492,1688.90117663468,79.4443399911462,-0.279984623958833,0.930425929775814,"Perfil Práctico (Laboral)",0.971639748287685,"Estándar"
"173",7.88134727214265,12.1202385870357,46.1407996063384,92.1334115088658,9.94850146407869,2.68753847772833,1014.91763823804,68.469910125474,-1.48218692067561,-0.438493869501352,"Perfil Equilibrado",1.54568914773059,"Destacado"
"174",10.067932907905,28.6040084094618,83.9485290936179,109.928688131857,5.00038687968582,3.87225908199177,734.190819836221,71.2068592563689,0.182052283616768,-2.58970300823508,"Perfil Teórico (Académico)",2.59609412480209,"Superior"
"175",8.68416682955659,20.3373339061356,72.0150642229624,93.5934733194864,6.71954361051425,4.54643322042137,821.738038570091,61.6494376584753,-0.853068052528638,-1.54478443937316,"Perfil Teórico (Académico)",1.76467675974226,"Destacado"
"176",7.95792984175304,18.3014927186487,61.6977838277744,98.9383562743076,14.1159274556526,8.01742069207251,1466.69543518559,83.941434908699,0.266879263555512,0.538855754002404,"Perfil Práctico (Laboral)",0.601323594196528,"Estándar"
"177",8.89457186167209,25.969899753502,68.0756781674225,113.067999545231,11.0998455187239,6.87206768027739,1345.33778883723,86.8623153608576,0.842877088452737,-0.625650014735965,"Perfil Teórico (Académico)",1.04970459043374,"Destacado"
"178",7.34444103051666,21.5481479222393,55.7314433603535,93.4233533733509,17.4726454919568,7.38581908472728,1832.1467480151,94.2084699490554,0.564842901074586,1.32898522832993,"Perfil Práctico (Laboral)",1.44403920999864,"Destacado"
"179",6.16903451394526,14.2691219598608,42.3299692527439,89.8319652510857,15.8028316815524,5.7598596166862,1652.48341077685,74.6600889307072,-0.821550362752649,1.16411814731427,"Perfil Práctico (Laboral)",1.4248214131762,"Destacado"
"180",8.72254212639891,21.791354291723,71.2791422699125,106.272113788021,9.76622672709646,5.44313997718126,1260.90376520563,82.676340250535,0.247315739322293,-0.761946270561886,"Perfil Teórico (Académico)",0.801078768998218,"Estándar"
"181",9.62837528384344,23.3227694829142,50.7603596817564,102.287834374783,11.9862515828878,8.28664823188657,1813.5264066215,80.6224633083758,0.667123060614322,0.145328012444795,"Perfil Equilibrado",0.682768928118858,"Estándar"
"182",8.99092487025262,19.0785921421524,57.91961567684,103.677329706998,16.7486274626245,9.03435650385178,2077.64469144353,90.8579176108488,1.12684983896428,1.1348987704422,"Perfil Práctico (Laboral)",1.59930790616599,"Destacado"
"183",9.95457497131625,26.2203750283445,80.1861468908827,122.087070005236,16.2382996495576,7.11923333363337,2339.18174794366,93.2887451402755,2.21757985738949,0.0150308238999356,"Perfil Equilibrado",2.21763079649582,"Superior"
"184",8.44083905976882,18.0899823542417,70.5704754776644,87.323129000607,17.0038455285382,7.99486350523973,1655.34416754592,87.1936842694173,0.519165202532402,0.983427549298594,"Perfil Práctico (Laboral)",1.11205316970006,"Destacado"
"185",8.57553878431187,25.8234145574254,86.2261478038785,109.866756615074,9.44019507345454,4.66818596329548,1338.82189907106,79.5138014678217,0.557798777834726,-1.2962768659175,"Perfil Teórico (Académico)",1.4111956595975,"Destacado"
"186",10.3078359486859,31.4516243208055,82.8197671404464,113.029708183248,12.6242301882057,6.81132653955544,1918.12174821618,78.7767833601933,1.69001195434486,-0.995370795727408,"Perfil Teórico (Académico)",1.96135244839258,"Destacado"
"187",7.89000143470608,26.1872201863224,74.6864610331979,104.469452621902,11.6328203561969,5.97765233046887,1529.72218429985,71.1285149513638,0.36315692656181,-0.71246978173165,"Perfil Teórico (Académico)",0.799685027489301,"Estándar"
"188",8.78702691772041,22.713546585977,73.5459182456196,107.792946268099,12.8501660418726,3.53214431043091,1212.55574772207,74.9932657872116,0.219582552402369,-1.05471975800291,"Perfil Teórico (Académico)",1.07733479719225,"Destacado"
"189",8.59921983291508,21.2462291647155,57.1082030977279,103.710758802644,14.8814770825469,7.61281618498332,1967.77207005276,90.3369985767477,0.858246345335429,0.740209752612056,"Perfil Práctico (Laboral)",1.13335663722573,"Destacado"
"190",6.49682693890744,18.8602896869072,44.2002436266856,90.3286508027863,8.39501066276009,3.35607241935964,1001.05532300385,63.774459201277,-1.62172668741603,-0.575357971796516,"Perfil Teórico (Académico)",1.72076559832743,"Destacado"
"191",6.50678023045062,15.4383346220584,42.5956354036148,101.394492928694,9.51400465775285,1.35788423011809,827.656935896814,65.9607415311192,-1.69784457872133,-0.831929608234688,"Perfil Teórico (Académico)",1.890709678018,"Destacado"
"192",7.23181616332673,17.0715327563219,46.6965640771912,91.8196337026734,14.0120749050822,6.33657361733428,1511.85035072511,74.2398161717671,-0.546442710787387,0.630161124908128,"Perfil Práctico (Laboral)",0.834087932725408,"Estándar"
"193",7.5123942148974,19.2768890969453,48.9614013030187,86.2053696654192,13.0283122123434,5.29149034520161,1248.08131151775,86.7270620805963,-0.536744598865506,0.519010300276504,"Perfil Práctico (Laboral)",0.746636763228546,"Estándar"
"194",10.8145858995124,26.6817422626107,80.7765874735033,108.394211247179,10.307080895564,5.96003419379838,1367.25348776638,81.9710813893068,1.07940684578272,-1.29988160724594,"Perfil Teórico (Académico)",1.68961869413749,"Destacado"
"195",10.2396595477424,30.8719712758887,77.6473505878165,111.621440790023,11.292159383497,6.82125401614257,1372.23352709609,78.2188517610355,1.24241982338092,-1.29904864861237,"Perfil Teórico (Académico)",1.79753564887918,"Destacado"
"196",8.24370573356906,17.7136461797789,51.6129962172289,100.102042672435,11.0226321825798,4.888127074833,1685.24168606294,73.9585119470147,-0.335827278604105,-0.0823851861953739,"Perfil Equilibrado",0.345785019859285,"Estándar"
"197",8.42016866019858,21.3767756449412,51.2446402714714,97.3994779884005,16.2328250370942,7.33196041733222,1868.97285466588,95.1410939058246,0.717135885221865,1.08566618628051,"Perfil Práctico (Laboral)",1.30113602129286,"Destacado"
"198",9.62916483445498,29.2782667540747,93.5856838922069,112.66938005559,13.9879705927756,8.84042678733544,1534.12654794021,82.2279285914066,1.76938458781916,-0.736680448523116,"Perfil Teórico (Académico)",1.91661678560118,"Destacado"
"199",7.12726947797109,21.4981200984727,59.1690559266284,100.790283186749,18.3078224127752,11.5276774830998,2040.74437244638,103.19989139688,1.35843277700076,2.05209937010601,"Perfil Práctico (Laboral)",2.46098586635915,"Superior"
"200",10.0007851094082,24.5119896147705,72.039970347208,117.978888948394,17.0184626990341,5.62346245704673,1669.55700959748,76.7143352898377,1.31763543810044,-0.626958269787766,"Perfil Teórico (Académico)",1.45919149524434,"Destacado"
"201",5.465386438774,18.4350168617164,51.9161244953048,84.2679328800398,15.5108674417727,8.00666729461483,1446.50630997111,89.8887211836464,-0.411395875099975,1.57126311780596,"Perfil Práctico (Laboral)",1.62422730903855,"Destacado"
"202",7.1669326139657,13.9936317852646,58.3952547527057,95.1097511479718,17.340047179321,8.05248978916812,2092.66257220891,100.439803944828,0.561801413326462,1.94249650006733,"Perfil Práctico (Laboral)",2.02210619918674,"Superior"
"203",8.48293729199428,20.2081049608181,55.09187340572,88.8722312831017,17.7185628710788,8.19014558508946,2023.82314276589,94.8442222007947,0.77530031196681,1.53134490918865,"Perfil Práctico (Laboral)",1.71642296787063,"Destacado"
"204",9.56621845636767,31.8728637469302,78.7309802070002,115.798070330027,9.71359343467708,5.41679090774513,2062.63593057302,87.8890951856222,1.51572734534213,-0.985080690196878,"Perfil Teórico (Académico)",1.80770942123358,"Destacado"
"205",8.57367960615085,24.8512225345496,66.0136344933904,110.2984756946,15.4367640912667,7.75026860910135,1769.14627035628,79.5542084285302,1.03223107332903,0.0600336832769903,"Perfil Equilibrado",1.03397535361043,"Destacado"
"206",8.40499180305667,19.5763217422148,81.0150444052393,111.801327819727,13.7481639078474,8.89745710614202,1569.19353365053,103.110085920921,1.33794902790376,0.500333153169013,"Perfil Práctico (Laboral)",1.42844001114106,"Destacado"
"207",7.22666644133905,13.8052401129866,42.737663640939,84.6657555020641,12.3102004997726,5.93671513031733,1754.30699667604,85.0962169255434,-0.723215671743996,1.15813389238091,"Perfil Práctico (Laboral)",1.36539921654345,"Destacado"
"208",8.53573797077583,14.153020958373,54.8365038851493,106.322851485207,10.0124016951404,5.8403033199529,1496.10715021879,91.6281288903828,-0.0191187019863039,0.178446472954146,"Perfil Equilibrado",0.179467736586318,"Estándar"
"209",6.58191067427297,20.6418433803965,54.6722095817293,102.753915602977,15.7454276373239,7.51121209146402,2051.14862739476,98.8116572574153,0.657619644138086,1.43462929571583,"Perfil Práctico (Laboral)",1.57817135079889,"Destacado"
"210",8.63431425018625,26.3601423492855,77.4599387004124,117.318861426677,12.7916854652134,6.55750721281167,1617.15009327933,74.5158892078361,1.00320870328489,-0.834992703628854,"Perfil Teórico (Académico)",1.30523580913947,"Destacado"
"211",7.97390850334683,13.9822112156929,48.8835364081515,91.2299045015686,13.4207216758563,5.89453122000975,1624.94332726512,82.8840609924024,-0.405682039737839,0.781984038823949,"Perfil Práctico (Laboral)",0.880952299696907,"Estándar"
"212",7.81220805280635,20.9909786080601,52.8389501906025,92.1633896758019,12.2914642946787,4.91809032939164,1824.64248924126,85.7176031665969,-0.0893658451777844,0.451312563933709,"Perfil Equilibrado",0.460075303237153,"Estándar"
"213",6.84453971578541,20.149057704898,66.8238840185475,100.964847553454,5.47290378538082,2.659500697988,1218.5181878613,74.5037896473477,-0.937930229565661,-1.10600087671575,"Perfil Teórico (Académico)",1.45015552780696,"Destacado"
"214",6.4894712084705,14.4624384041778,39.7046736788724,88.9500135457519,14.2508184624396,6.43945737562237,2206.86652547196,78.1783535341314,-0.549672667026329,1.51678584343588,"Perfil Práctico (Laboral)",1.61331315488449,"Destacado"
"215",10.2816597937119,29.0333080121895,86.9396145367598,112.708160081739,16.4834533754781,6.73904774174736,1906.39290804864,91.2914926200862,2.05369303854668,-0.373130153180502,"Perfil Equilibrado",2.08731435289168,"Superior"
"216",6.47127196933329,13.2428706949641,30.2815074265486,83.0558748774462,9.34132950091583,6.32864827209377,1692.54930935474,74.7023496837144,-1.41091471997929,1.03120269971917,"Perfil Práctico (Laboral)",1.74758672315921,"Destacado"
"217",8.91030582697672,22.879927897081,70.3543444295157,101.046419947992,10.1546647385185,6.57432817143314,1492.1231982406,80.3957723455492,0.380938097167133,-0.479953504253436,"Perfil Equilibrado",0.612755416229403,"Estándar"
"218",6.87162216870843,20.0303017213166,54.968496534217,90.1635447425325,17.0932943991139,7.25176992816221,2150.81634690148,88.9015500654822,0.358652118151468,1.55196593747272,"Perfil Práctico (Laboral)",1.59286836020121,"Destacado"
"219",5.94545472520648,14.8546871849437,39.869732429685,90.0229615735475,6.74544881702232,1.19616868913584,764.130661302325,56.8542940429155,-2.43457068441479,-0.946056891011033,"Perfil Teórico (Académico)",2.6119261204026,"Superior"
"220",8.43837233218243,25.6688680352635,77.0945501821192,98.9586818219378,11.0412613009279,4.76063721399036,1429.70782292737,76.3218486369779,0.265087900679144,-0.829370271512909,"Perfil Teórico (Académico)",0.87070468148269,"Estándar"
"221",9.71598522930338,27.9324181857154,101.662786194469,124.93868926408,17.7411656406374,10.3418082713043,2064.44222163425,95.2668064900175,2.86967482229055,0.0333243793332506,"Perfil Equilibrado",2.86986830707373,"Superior"
"222",9.1815112352837,22.6159617666687,71.7769770473477,104.324197329443,7.19915872797833,3.97442940084558,740.229512847032,67.607615879948,-0.41638009556743,-1.85320661798432,"Perfil Teórico (Académico)",1.89940705298407,"Destacado"
"223",7.54475766107092,17.5727416632117,60.6748317394449,97.6050310822792,13.2480385448434,5.20889538464074,1545.62347789099,81.8002232800357,-0.162285286348339,0.27605511936825,"Perfil Equilibrado",0.320223270694966,"Estándar"
"224",6.99078658782176,19.5253152385266,49.9827953742615,90.918024230529,13.356972244462,7.66101322114309,1258.06671148895,84.5930641270706,-0.318780132447331,0.745126504543232,"Perfil Práctico (Laboral)",0.810453132892923,"Estándar"
"225",8.41996498083254,19.1051226278341,68.7731708804777,107.179143210401,15.2237148239744,7.4038760983456,1961.27995723863,94.3773698612039,1.03647927980448,0.727149915955586,"Perfil Práctico (Laboral)",1.2661106972687,"Destacado"
"226",8.86423920617417,18.4693324529875,60.9900742869324,103.15488652666,13.3148538663355,5.15126391861522,1703.70140183097,76.3834038143606,0.188981568490033,-0.115339259679988,"Perfil Equilibrado",0.221398234077151,"Estándar"
"227",8.01934730040697,21.8090815156736,77.0646151189755,105.555234928021,15.3609952400981,8.37070052749664,1374.91189313806,86.4118971426578,0.865470838987533,0.21166851563629,"Perfil Equilibrado",0.890978862627759,"Estándar"
"228",8.41378266814071,18.4448901855767,61.0893260188789,91.1501304404235,6.24626502619578,5.5784726491839,755.367272481246,63.0619443902583,-1.11728321757696,-1.16506104524788,"Perfil Teórico (Académico)",1.61421467823621,"Destacado"
"229",6.83470015466011,14.8446750255217,35.606788041918,88.5129336041758,15.3158686922693,9.9694242404751,2055.49077280349,86.0503973147718,-0.113420502198312,2.09251900114257,"Perfil Práctico (Laboral)",2.095590604212,"Superior"
"230",8.672258719515,26.4078859700489,83.6287614438398,112.850589247671,12.7436627638865,6.06799577350353,1789.05782737452,86.003123233809,1.22667160542942,-0.531330241569918,"Perfil Teórico (Académico)",1.33680030414925,"Destacado"
"231",8.38114737813643,24.3749734863586,58.425895838865,102.078764140867,13.4208050806407,4.91816747854726,1673.1947706606,71.1775746130496,0.176222333041225,-0.368114229183343,"Perfil Equilibrado",0.408120565997034,"Estándar"
"232",8.0699419833082,24.6332019579133,60.0540582901995,101.222567996392,8.9518743102712,8.16513708676718,1571.65689767203,75.8997769335744,0.198085773413365,-0.251198935648312,"Perfil Equilibrado",0.319904484025492,"Estándar"
"233",7.58691570354606,20.1271979854039,56.9990553979859,99.1730445539883,14.6070206243457,10.3631827694515,1858.64088036618,95.0435276467995,0.797484808660249,1.37617537948585,"Perfil Práctico (Laboral)",1.59054729421884,"Destacado"
"234",9.37341190366254,26.6662689815266,78.7964679314326,116.901088289858,9.91978344139367,5.94943621846942,1330.81385062033,74.7564694661184,0.820960467425087,-1.42571368005184,"Perfil Teórico (Académico)",1.64518557815274,"Destacado"
"235",6.92954458009599,16.274517907845,54.0003234378976,91.3345001614565,11.7223902888538,4.47906732778945,1529.90033777929,78.7624899661418,-0.742480913872063,0.348699037444254,"Perfil Equilibrado",0.820285880762824,"Estándar"
"236",9.07976691017524,26.0352138254155,68.9750504351986,108.444964119726,9.9125418268173,4.13143805727625,930.419918127119,68.3460679545752,0.00972845744107567,-1.65706649206136,"Perfil Teórico (Académico)",1.65709504917392,"Destacado"
"237",8.44605796976814,19.0548420812113,68.3007866800963,100.851981082376,10.5715143025228,7.22489439370458,1570.96405110159,83.3876921680497,0.277040769257848,-0.00673579882892278,"Perfil Equilibrado",0.277122642194469,"Estándar"
"238",9.15289928290765,21.796968146412,55.3999122949439,105.693938606121,12.0135120398605,7.21922266060872,1560.08619348554,89.2925885445063,0.607525135581434,0.0878619366107074,"Perfil Equilibrado",0.613845673006028,"Estándar"
"239",5.86465708203313,9.14576478828381,35.7396941791177,86.9712886483536,14.3267528014951,9.11376483288522,2150.80471723336,91.7913386787953,-0.529752469007454,2.50699448906173,"Perfil Práctico (Laboral)",2.56235420006785,"Superior"
"240",8.22871448183555,24.6456862151801,57.3338581237077,100.890029483138,15.0756252367739,7.41437553179162,1676.06154404768,96.8790766691957,0.860923788624427,0.694888912677072,"Perfil Práctico (Laboral)",1.10637261841613,"Destacado"
"241",8.64797598858783,18.2666681808754,46.7339167231427,96.3035584261809,14.5969532868645,5.22368323752875,1101.67818390013,92.1337150167998,-0.0983710769552493,0.3643234857914,"Perfil Equilibrado",0.3773704692746,"Estándar"
"242",6.08380734929702,11.1422269439606,40.5103335380253,86.8179868508144,11.6718114847067,6.25453440835594,2256.96598079074,84.3203350600101,-0.82169910184164,1.69054181534579,"Perfil Práctico (Laboral)",1.87965982119106,"Destacado"
"243",8.62019642108742,24.7150607120352,82.7272591051547,117.339139809237,13.2963475565988,5.28907116378663,1519.45613067081,78.705255621807,0.956582904290518,-0.904737558817289,"Perfil Teórico (Académico)",1.31666279020695,"Destacado"
"244",6.75242367038016,21.4888455531768,45.3743929859874,95.532765382758,12.2882680392887,5.75904694090835,1526.40698779311,75.9620467794095,-0.500957452138645,0.331509169881738,"Perfil Equilibrado",0.600713491249299,"Estándar"
"245",6.62981284813542,19.6918311150151,52.013944631981,103.448036842063,7.70248630473286,3.6326615051414,1160.17294410188,70.4570084614888,-1.02853415395793,-0.755191201980052,"Perfil Teórico (Académico)",1.27600793783033,"Destacado"
"246",8.73272454183045,22.6196927549592,79.9457968150072,105.358564928291,9.19387544347228,5.62935226215807,1294.47968380625,58.3436894252332,-0.0312481179471831,-1.45462015936816,"Perfil Teórico (Académico)",1.45495575634295,"Destacado"
"247",6.55738762044416,15.2345360218652,64.498076888599,85.5461792436991,5.43768762429669,2.06106314788706,1179.51256919089,67.6392760210223,-1.71610060176867,-0.798951485417831,"Perfil Teórico (Académico)",1.89296718181857,"Destacado"
"248",7.94071438000036,17.1153355494033,63.9326901978764,98.2001153595741,9.51502374991525,3.66688357105408,1037.32366276174,63.7265667686568,-0.91691236415503,-1.00073027580363,"Perfil Teórico (Académico)",1.35727276862478,"Destacado"
"249",6.90947934325684,7.89043990499037,18.7944495299853,86.3082940300144,10.1896410285707,5.32803080714908,953.179431057603,69.7700400066147,-2.07564626529892,0.659291742826791,"Perfil Práctico (Laboral)",2.17783677552037,"Superior"
"250",7.82529949700329,24.0206067933293,63.0387448350173,105.187704580371,11.265532649517,8.69940447298812,1870.66801442741,78.7474122282362,0.602148667297968,0.17600724330569,"Perfil Equilibrado",0.627344855103465,"Estándar"
